{
  "properties": {
    "connectionReferences": {
      "shared_sharepointonline": {
        "runtimeSource": "embedded",
        "connection": {
          "connectionReferenceLogicalName": "agln_sharedsharepointonline_4fef0"
        },
        "api": {
          "name": "shared_sharepointonline"
        }
      },
      "shared_office365": {
        "runtimeSource": "embedded",
        "connection": {
          "connectionReferenceLogicalName": "agln_sharedoffice365_4dce4"
        },
        "api": {
          "name": "shared_office365"
        }
      }
    },
    "definition": {
      "$schema": "https://schema.management.azure.com/providers/Microsoft.Logic/schemas/2016-06-01/workflowdefinition.json#",
      "contentVersion": "1.0.0.0",
      "parameters": {
        "$connections": {
          "defaultValue": {},
          "type": "Object"
        },
        "$authentication": {
          "defaultValue": {},
          "type": "SecureObject"
        }
      },
      "triggers": {
        "Recurrence": {
          "recurrence": {
            "frequency": "Day",
            "interval": 1,
            "timeZone": "W. Central Africa Standard Time",
            "startTime": "2025-04-23T07:30:00Z",
            "schedule": {
              "hours": [
                "8",
                "11",
                "15"
              ]
            }
          },
          "metadata": {
            "operationMetadataId": "652532b0-b056-4d75-a224-d7966c6f93f7"
          },
          "type": "Recurrence"
        }
      },
      "actions": {
        "Get_items": {
          "runAfter": {},
          "metadata": {
            "operationMetadataId": "b5aa2ecd-3bf6-4500-86a9-88eb5924866c"
          },
          "type": "OpenApiConnection",
          "inputs": {
            "host": {
              "connectionName": "shared_sharepointonline",
              "operationId": "GetItems",
              "apiId": "/providers/Microsoft.PowerApps/apis/shared_sharepointonline"
            },
            "parameters": {
              "dataset": "https://teamsite.msc.com/sites/AGiLeAutomation",
              "table": "eac82055-3897-4430-84f2-faf612886a88",
              "$filter": "Status eq 'Pending'"
            },
            "authentication": "@parameters('$authentication')"
          }
        },
        "Apply_to_each": {
          "foreach": "@outputs('Get_items')?['body/value']",
          "actions": {
            "Send_an_email_(V2)": {
              "runAfter": {},
              "metadata": {
                "operationMetadataId": "20cf0129-0350-4fe2-ba33-8d2d08c3a7ae"
              },
              "type": "OpenApiConnection",
              "inputs": {
                "host": {
                  "connectionName": "shared_office365",
                  "operationId": "SendEmailV2",
                  "apiId": "/providers/Microsoft.PowerApps/apis/shared_office365"
                },
                "parameters": {
                  "emailMessage/To": "omolara.olusanya@aglgroup.com",
                  "emailMessage/Subject": " Pending Grievance Reminder – @{items('Apply_to_each')?['ReqID']}",
                  "emailMessage/Body": "<p>Dear HR Team,<br>\n<br>\nThis is a daily reminder that the following grievance is still marked as Pending in the Grievance Management System:<br>\n<br>\nReference ID: @{items('Apply_to_each')?['ReqID']}<br>\n<br>\nSubmitted By: @{items('Apply_to_each')?['Author']}<br>\n<br>\nDate Submitted: @{items('Apply_to_each')?['Created']}<br>\n<br>\nCategory: @{items('Apply_to_each')?['Priority/Value']}<br>\n<br>\nPlease review and take necessary action.<br>\n<br>\nThank you,<br>\nGrievance Management System</p>",
                  "emailMessage/Importance": "Normal"
                },
                "authentication": "@parameters('$authentication')"
              }
            }
          },
          "runAfter": {
            "Get_items": [
              "Succeeded"
            ]
          },
          "metadata": {
            "operationMetadataId": "0ee6134d-58a6-4242-9715-1f86e2bde836"
          },
          "type": "Foreach"
        }
      }
    },
    "templateName": null
  },
  "schemaVersion": "1.0.0.0"
}