{
  "properties": {
    "connectionReferences": {
      "shared_sharepointonline": {
        "api": {
          "name": "shared_sharepointonline"
        },
        "connection": {
          "connectionReferenceLogicalName": "agln_sharedsharepointonline_4fef0"
        },
        "runtimeSource": "embedded"
      },
      "shared_office365": {
        "api": {
          "name": "shared_office365"
        },
        "connection": {
          "connectionReferenceLogicalName": "agln_sharedoffice365_4dce4"
        },
        "runtimeSource": "embedded"
      }
    },
    "definition": {
      "$schema": "https://schema.management.azure.com/providers/Microsoft.Logic/schemas/2016-06-01/workflowdefinition.json#",
      "contentVersion": "1.0.0.0",
      "parameters": {
        "$authentication": {
          "defaultValue": {},
          "type": "SecureObject"
        },
        "$connections": {
          "defaultValue": {},
          "type": "Object"
        }
      },
      "triggers": {
        "When_an_item_is_created": {
          "type": "OpenApiConnection",
          "inputs": {
            "parameters": {
              "dataset": "https://teamsite.msc.com/sites/AGiLeAutomation",
              "table": "eac82055-3897-4430-84f2-faf612886a88"
            },
            "host": {
              "apiId": "/providers/Microsoft.PowerApps/apis/shared_sharepointonline",
              "operationId": "GetOnNewItems",
              "connectionName": "shared_sharepointonline"
            }
          },
          "recurrence": {
            "interval": 1,
            "frequency": "Minute"
          },
          "splitOn": "@triggerOutputs()?['body/value']",
          "metadata": {
            "operationMetadataId": "c73e2456-3850-4195-8ff5-6c1728601587"
          }
        }
      },
      "actions": {
        "Send_an_email_(V2)": {
          "type": "OpenApiConnection",
          "inputs": {
            "parameters": {
              "emailMessage/To": "omolara.olusanya@aglgroup.com",
              "emailMessage/Subject": "New Grievance Request Submitted by @{triggerOutputs()?['body/Author/DisplayName']}",
              "emailMessage/Body": "<p>Dear HR Team,<br>\n<br>\nA new grievance report has been submitted via the Grievance Management System and requires your attention.<br>\n<br>\nGrievance Details:<br>\n<br>\nReference ID: @{triggerOutputs()?['body/ReqID']}<br>\n<br>\nSubmitted By: @{triggerOutputs()?['body/Author/DisplayName']}<br>\n<br>\nDepartment: @{triggerOutputs()?['body/Author/Department']}<br>\n<br>\nDate Submitted: @{triggerOutputs()?['body/Created']}<br>\n<br>\nCategory: @{triggerOutputs()?['body/Priority/Value']}<br>\n<br>\nSummary: @{triggerOutputs()?['body/Title']}<br>\n<br>\nPlease log in to the Grievance Application to view the full details and initiate the next steps of the resolution process.<br>\n<br>\nTimely attention to this matter is appreciated to ensure a smooth and confidential handling of the grievance.<br>\n<br>\n<span style=\"font-size: 14px; color: rgb(41,105,176)\"><strong>Thank you,<br>\nGrievance Management System<br>\nAfrican Global Logistics</strong></span></p>",
              "emailMessage/Sensitivity": "b14faf00-2853-4dd9-863b-0846c2475898",
              "emailMessage/Importance": "High"
            },
            "host": {
              "apiId": "/providers/Microsoft.PowerApps/apis/shared_office365",
              "operationId": "SendEmailV2",
              "connectionName": "shared_office365"
            }
          },
          "runAfter": {},
          "metadata": {
            "operationMetadataId": "87797adc-a7d4-4dc2-9c12-161539b98010"
          }
        },
        "Send_an_email_(V2)_2": {
          "type": "OpenApiConnection",
          "inputs": {
            "parameters": {
              "emailMessage/To": "@triggerOutputs()?['body/Author/Email']",
              "emailMessage/Subject": "Grievance Report Successfully Submitted",
              "emailMessage/Body": "<p>Dear @{triggerOutputs()?['body/Author/DisplayName']},<br>\n<br>\nThank you for reaching out.<br>\n<br>\nWe wish to confirm that your grievance has been successfully submitted to the Grievance Management System. Your request is currently being reviewed by the HR department and will be processed accordingly.<br>\n<br>\nGrievance Reference ID: @{triggerOutputs()?['body/ReqID']}<br>\nDate Submitted: @{triggerOutputs()?['body/Created']}<br>\nWe understand the importance of your concern and assure you that it will be handled with the utmost confidentiality and care. You can track the status of your grievance at any time via the Grievance Application.<br>\n<br>\nThank you for bringing this to our attention.<br>\n<br>\n<span style=\"font-size: 14px; color: rgb(41,105,176)\"><strong>Warm regards,<br>\nHR Team<br>\nAfrican Global Logistics</strong></span></p>",
              "emailMessage/Importance": "Normal"
            },
            "host": {
              "apiId": "/providers/Microsoft.PowerApps/apis/shared_office365",
              "operationId": "SendEmailV2",
              "connectionName": "shared_office365"
            }
          },
          "runAfter": {},
          "metadata": {
            "operationMetadataId": "2950c58d-64b8-4b48-8ff9-563a08a87747"
          }
        }
      }
    },
    "templateName": null
  },
  "schemaVersion": "1.0.0.0"
}