{
  "properties": {
    "connectionReferences": {
      "shared_office365": {
        "runtimeSource": "embedded",
        "connection": {
          "connectionReferenceLogicalName": "agln_sharedoffice365_4dce4"
        },
        "api": {
          "name": "shared_office365"
        }
      },
      "shared_approvals": {
        "runtimeSource": "embedded",
        "connection": {
          "connectionReferenceLogicalName": "new_sharedapprovals_a79f9"
        },
        "api": {
          "name": "shared_approvals"
        }
      },
      "shared_sharepointonline": {
        "runtimeSource": "embedded",
        "connection": {
          "connectionReferenceLogicalName": "agln_sharedsharepointonline_4fef0"
        },
        "api": {
          "name": "shared_sharepointonline"
        }
      }
    },
    "definition": {
      "$schema": "https://schema.management.azure.com/providers/Microsoft.Logic/schemas/2016-06-01/workflowdefinition.json#",
      "contentVersion": "1.0.0.0",
      "parameters": {
        "$connections": {
          "defaultValue": {},
          "type": "Object"
        },
        "$authentication": {
          "defaultValue": {},
          "type": "SecureObject"
        }
      },
      "triggers": {
        "When_an_item_is_created_or_modified": {
          "recurrence": {
            "interval": 1,
            "frequency": "Minute"
          },
          "splitOn": "@triggerOutputs()?['body/value']",
          "metadata": {
            "operationMetadataId": "77c2b7d2-4860-4419-9afb-bcae5859fe6b"
          },
          "type": "OpenApiConnection",
          "inputs": {
            "host": {
              "connectionName": "shared_sharepointonline",
              "operationId": "GetOnUpdatedItems",
              "apiId": "/providers/Microsoft.PowerApps/apis/shared_sharepointonline"
            },
            "parameters": {
              "dataset": "https://teamsite.msc.com/sites/AGiLeAutomation",
              "table": "eac82055-3897-4430-84f2-faf612886a88"
            },
            "authentication": "@parameters('$authentication')"
          },
          "conditions": [
            {
              "expression": "@not(equals(triggerOutputs()?['body/Status/Value'], 'Closed'))"
            }
          ]
        }
      },
      "actions": {
        "Switch": {
          "runAfter": {},
          "cases": {
            "In_Progress": {
              "case": "In Progress",
              "actions": {
                "Send_an_email_(V2)": {
                  "runAfter": {},
                  "metadata": {
                    "operationMetadataId": "09627e13-7f0d-4ab3-b78d-b940f8950e4e"
                  },
                  "type": "OpenApiConnection",
                  "inputs": {
                    "host": {
                      "connectionName": "shared_office365",
                      "operationId": "SendEmailV2",
                      "apiId": "/providers/Microsoft.PowerApps/apis/shared_office365"
                    },
                    "parameters": {
                      "emailMessage/To": "@triggerOutputs()?['body/Author/Email']",
                      "emailMessage/Subject": "Update on Your Grievance – @{triggerOutputs()?['body/ReqID']}",
                      "emailMessage/Body": "<p>Dear @{triggerOutputs()?['body/Author/DisplayName']},<br>\n<br>\nWe would like to inform you that the status of your grievance (Reference ID: @{triggerOutputs()?['body/ReqID']} has been updated.<br>\n<br>\nCurrent Status: @{triggerOutputs()?['body/Status/Value']}<br>\nDate Updated: @{triggerOutputs()?['body/Modified']}<br>\n<br>\nWe are committed to ensuring your concerns are addressed with the appropriate level of attention and confidentiality. You may track further updates or provide additional input by logging into the Grievance Management System.<br>\n<br>\nIf you have any questions or require clarification regarding this update, please feel free to reach out to the HR team.<br>\n<br>\nThank you for your patience and trust.<br>\n<br>\n<span style=\"color: rgb(41,105,176)\"><strong>Warm regards,<br>\nHR Team<br>\nAfrican Global Logistics</strong></span></p>",
                      "emailMessage/Importance": "Normal"
                    },
                    "authentication": "@parameters('$authentication')"
                  }
                }
              }
            },
            "Resolved": {
              "case": "Resolved",
              "actions": {
                "Start_and_wait_for_an_approval": {
                  "runAfter": {},
                  "metadata": {
                    "operationMetadataId": "28b66e57-78e0-423b-b166-d5bcc0778649"
                  },
                  "type": "OpenApiConnectionWebhook",
                  "inputs": {
                    "host": {
                      "connectionName": "shared_approvals",
                      "operationId": "StartAndWaitForAnApproval",
                      "apiId": "/providers/Microsoft.PowerApps/apis/shared_approvals"
                    },
                    "parameters": {
                      "approvalType": "CustomResponse",
                      "WebhookApprovalCreationInput/responseOptions": [
                        "Yes, I am satisfied. You may close the request.",
                        "No, I am not satisfied. Further action is needed."
                      ],
                      "WebhookApprovalCreationInput/title": "Grievance Resolution Acknowledgment – Request for Confirmation",
                      "WebhookApprovalCreationInput/assignedTo": "@triggerBody()?['Author/Email']",
                      "WebhookApprovalCreationInput/details": "We would like to confirm with you:\n\nAre you satisfied with how this issue was resolved and do you acknowledge that this request can now be closed?\n\nPlease indicate your response by selecting one of the options below:",
                      "WebhookApprovalCreationInput/enableNotifications": true
                    },
                    "authentication": "@parameters('$authentication')"
                  }
                },
                "Condition": {
                  "actions": {
                    "For_each": {
                      "foreach": "@outputs('Start_and_wait_for_an_approval')?['body/responses']",
                      "actions": {
                        "Update_item": {
                          "runAfter": {},
                          "metadata": {
                            "operationMetadataId": "331a93b7-bfa2-4919-8926-a2b1263a57e0"
                          },
                          "type": "OpenApiConnection",
                          "inputs": {
                            "host": {
                              "connectionName": "shared_sharepointonline",
                              "operationId": "PatchItem",
                              "apiId": "/providers/Microsoft.PowerApps/apis/shared_sharepointonline"
                            },
                            "parameters": {
                              "dataset": "https://teamsite.msc.com/sites/AGiLeAutomation",
                              "table": "eac82055-3897-4430-84f2-faf612886a88",
                              "id": "@triggerBody()?['ID']",
                              "item/Status/Value": "Closed",
                              "item/RequesterComments": "@items('For_each')?['comments']"
                            },
                            "authentication": "@parameters('$authentication')"
                          }
                        },
                        "Send_an_email_(V2)-copy": {
                          "runAfter": {
                            "Update_item": [
                              "Succeeded"
                            ]
                          },
                          "metadata": {
                            "operationMetadataId": "09627e13-7f0d-4ab3-b78d-b940f8950e4e"
                          },
                          "type": "OpenApiConnection",
                          "inputs": {
                            "host": {
                              "connectionName": "shared_office365",
                              "operationId": "SendEmailV2",
                              "apiId": "/providers/Microsoft.PowerApps/apis/shared_office365"
                            },
                            "parameters": {
                              "emailMessage/To": "@triggerOutputs()?['body/Author/Email']",
                              "emailMessage/Subject": "Update on Your Grievance – @{triggerOutputs()?['body/ReqID']}",
                              "emailMessage/Body": "<p>Dear @{triggerOutputs()?['body/Author/DisplayName']},<br>\n<br>\nWe would like to inform you that the status of your grievance (Reference ID: @{triggerOutputs()?['body/ReqID']} has been updated.<br>\n<br>\nCurrent Status: @{triggerOutputs()?['body/Status/Value']}<br>\nDate Updated: @{triggerOutputs()?['body/Modified']}<br>\n<br>\nWe are committed to ensuring your concerns are addressed with the appropriate level of attention and confidentiality. You may track further updates or provide additional input by logging into the Grievance Management System.<br>\n<br>\nIf you have any questions or require clarification regarding this update, please feel free to reach out to the HR team.<br>\n<br>\nThank you for your patience and trust.<br>\n<br>\n<span style=\"color: rgb(41,105,176)\"><strong>Warm regards,<br>\nHR Team<br>\nAfrican Global Logistics</strong></span></p>",
                              "emailMessage/Importance": "Normal"
                            },
                            "authentication": "@parameters('$authentication')"
                          }
                        }
                      },
                      "runAfter": {},
                      "metadata": {
                        "operationMetadataId": "20ac3d05-e106-4e62-b1cb-388552c2a132"
                      },
                      "type": "Foreach"
                    }
                  },
                  "runAfter": {
                    "Start_and_wait_for_an_approval": [
                      "Succeeded"
                    ]
                  },
                  "else": {
                    "actions": {
                      "For_each_1": {
                        "foreach": "@outputs('Start_and_wait_for_an_approval')?['body/responses']",
                        "actions": {
                          "Update_item-copy": {
                            "runAfter": {},
                            "metadata": {
                              "operationMetadataId": "aac9b40e-a1ad-4c69-91c7-4d38cb99a72d"
                            },
                            "type": "OpenApiConnection",
                            "inputs": {
                              "host": {
                                "connectionName": "shared_sharepointonline",
                                "operationId": "PatchItem",
                                "apiId": "/providers/Microsoft.PowerApps/apis/shared_sharepointonline"
                              },
                              "parameters": {
                                "dataset": "https://teamsite.msc.com/sites/AGiLeAutomation",
                                "table": "eac82055-3897-4430-84f2-faf612886a88",
                                "id": "@triggerBody()?['ID']",
                                "item/Status/Value": "Pending",
                                "item/RequesterComments": "@items('For_each_1')?['comments']"
                              },
                              "authentication": "@parameters('$authentication')"
                            }
                          },
                          "Send_an_email_(V2)-copy-copy": {
                            "runAfter": {
                              "Update_item-copy": [
                                "Succeeded"
                              ]
                            },
                            "metadata": {
                              "operationMetadataId": "09627e13-7f0d-4ab3-b78d-b940f8950e4e"
                            },
                            "type": "OpenApiConnection",
                            "inputs": {
                              "host": {
                                "connectionName": "shared_office365",
                                "operationId": "SendEmailV2",
                                "apiId": "/providers/Microsoft.PowerApps/apis/shared_office365"
                              },
                              "parameters": {
                                "emailMessage/To": "omolara.olusanya@aglgroup.com",
                                "emailMessage/Subject": "Update on Your Grievance – @{triggerOutputs()?['body/ReqID']}",
                                "emailMessage/Body": "<p class=\"editor-paragraph\">Hello ,<br><br>We would like to inform you that the status of your grievance (Reference ID: @{triggerOutputs()?['body/ReqID']} has been updated.<br><br>Current Status: @{triggerOutputs()?['body/Status/Value']}<br>Date Updated: @{triggerOutputs()?['body/Modified']}<br><br>We are committed to ensuring your concerns are addressed with the appropriate level of attention and confidentiality. You may track further updates or provide additional input by logging into the Grievance Management System.<br><br>If you have any questions or require clarification regarding this update, please feel free to reach out to the HR team.<br><br>Thank you for your patience and trust.<br><br><b><strong class=\"editor-text-bold\" style=\"color: rgb(41, 105, 176);\">Warm regards,</strong></b><br><b><strong class=\"editor-text-bold\" style=\"color: rgb(41, 105, 176);\">HR Team</strong></b><br><b><strong class=\"editor-text-bold\" style=\"color: rgb(41, 105, 176);\">African Global Logistics</strong></b></p>",
                                "emailMessage/Importance": "Normal"
                              },
                              "authentication": "@parameters('$authentication')"
                            }
                          }
                        },
                        "runAfter": {},
                        "metadata": {
                          "operationMetadataId": "8902df97-1ad1-4fe5-84b7-e3e21c8ea2e1"
                        },
                        "type": "Foreach"
                      }
                    }
                  },
                  "expression": {
                    "and": [
                      {
                        "equals": [
                          "@outputs('Start_and_wait_for_an_approval')?['body/outcome']",
                          "Yes, I am satisfied. You may close the request."
                        ]
                      }
                    ]
                  },
                  "metadata": {
                    "operationMetadataId": "d8afefa3-4eb6-4209-bd00-63f5c64e1cbb"
                  },
                  "type": "If"
                }
              }
            },
            "Escalated": {
              "case": "Escalated",
              "actions": {
                "Send_an_email_(V2)-copy_1": {
                  "runAfter": {},
                  "metadata": {
                    "operationMetadataId": "09627e13-7f0d-4ab3-b78d-b940f8950e4e"
                  },
                  "type": "OpenApiConnection",
                  "inputs": {
                    "host": {
                      "connectionName": "shared_office365",
                      "operationId": "SendEmailV2",
                      "apiId": "/providers/Microsoft.PowerApps/apis/shared_office365"
                    },
                    "parameters": {
                      "emailMessage/To": "@triggerOutputs()?['body/Author/Email']",
                      "emailMessage/Subject": "Update on Your Grievance – @{triggerOutputs()?['body/ReqID']}",
                      "emailMessage/Body": "<p>Dear @{triggerOutputs()?['body/Author/DisplayName']},<br>\n<br>\nWe would like to inform you that the status of your grievance (Reference ID: @{triggerOutputs()?['body/ReqID']} has been updated.<br>\n<br>\nCurrent Status: @{triggerOutputs()?['body/Status/Value']}<br>\nDate Updated: @{triggerOutputs()?['body/Modified']}<br>\n<br>\nWe are committed to ensuring your concerns are addressed with the appropriate level of attention and confidentiality. You may track further updates or provide additional input by logging into the Grievance Management System.<br>\n<br>\nIf you have any questions or require clarification regarding this update, please feel free to reach out to the HR team.<br>\n<br>\nThank you for your patience and trust.<br>\n<br>\n<span style=\"color: rgb(41,105,176)\"><strong>Warm regards,<br>\nHR Team<br>\nAfrican Global Logistics</strong></span></p>",
                      "emailMessage/Importance": "Normal"
                    },
                    "authentication": "@parameters('$authentication')"
                  }
                }
              }
            }
          },
          "default": {
            "actions": {}
          },
          "expression": "@triggerOutputs()?['body/Status/Value']",
          "metadata": {
            "operationMetadataId": "01aa4715-3cd7-41fa-93e5-6ed8b4693873"
          },
          "type": "Switch"
        }
      }
    },
    "templateName": ""
  },
  "schemaVersion": "1.0.0.0"
}